{
  "firestore": {
    "rules": "firestore.rules",
    "indexes": "firestore.indexes.json"
  },
  "storage": {
    "rules": "storage.rules"
  },
  "functions": {
    "source": "functions",
    "predeploy": [
      "npm --prefix \"$RESOURCE_DIR\" run lint",
      "npm --prefix \"$RESOURCE_DIR\" run build"
    ]
  },
  "hosting": {
    "public": "public",
    "ignore": ["firebase.json", "**/.*", "**/node_modules/**"],
    "headers": [
      {
        "source": "**",
        "headers": [
          {
            "key": "Access-Control-Allow-Origin",
            "value": "*"
          },
          {
            "key": "Access-Control-Allow-Methods",
            "value": "GET, POST, PUT, DELETE, OPTIONS"
          },
          {
            "key": "Access-Control-Allow-Headers",
            "value": "Content-Type, Authorization"
          }
        ]
      }
    ]
  },
  "emulators": {
    "auth": {
      "port": 9099
    },
    "functions": {
      "port": 5001
    },
    "firestore": {
      "port": 8080
    },
    "storage": {
      "port": 9199
    },
    "ui": {
      "enabled": true
    }
  }
}
